phase,attempt,sample_index,language,case,implementation,api_profile,comparison_scope,capacity,batch_size,payload_bytes,messages,elapsed_ns,messages_per_second,received,checksum,expected_checksum,fifo_ok,full_retries,empty_retries,producer_placement,consumer_placement,backoff,generator,valid
calibration,0,0,cpp,raw_bounded,galay::spsc::Ring::split,bounded_spsc_polling_split,equivalent_measured_api,4096,1,8,1000000,2232680,447892219.2163678,1000000,499999500000,499999500000,True,10,41,pinned,pinned,yield,monotonic_u64,True
calibration,0,0,rust,raw_bounded,rtrb::RingBuffer@0.3.4,bounded_spsc_polling_split,equivalent_measured_api,4096,1,8,1000000,3865550,258695399.10232696,1000000,499999500000,499999500000,True,70,234,pinned,pinned,yield,monotonic_u64,True
calibration,0,1,rust,raw_bounded,rtrb::RingBuffer@0.3.4,bounded_spsc_polling_split,equivalent_measured_api,4096,1,8,1000000,3437700,290892166.27396226,1000000,499999500000,499999500000,True,0,187,pinned,pinned,yield,monotonic_u64,True
calibration,0,1,cpp,raw_bounded,galay::spsc::Ring::split,bounded_spsc_polling_split,equivalent_measured_api,4096,1,8,1000000,2859973,349653650.5764215,1000000,499999500000,499999500000,True,19,222,pinned,pinned,yield,monotonic_u64,True
calibration,0,2,rust,raw_bounded,rtrb::RingBuffer@0.3.4,bounded_spsc_polling_split,equivalent_measured_api,4096,1,8,1000000,3254198,307295376.61814064,1000000,499999500000,499999500000,True,1,127,pinned,pinned,yield,monotonic_u64,True
calibration,0,2,cpp,raw_bounded,galay::spsc::Ring::split,bounded_spsc_polling_split,equivalent_measured_api,4096,1,8,1000000,2354727,424677680.2576265,1000000,499999500000,499999500000,True,28,58,pinned,pinned,yield,monotonic_u64,True
calibration,1,0,cpp,raw_bounded,galay::spsc::Ring::split,bounded_spsc_polling_split,equivalent_measured_api,4096,1,8,1344000000,4321245952,311021407.9293397,1344000000,903167999328000000,903167999328000000,True,889194,11074,pinned,pinned,yield,monotonic_u64,True
calibration,1,0,rust,raw_bounded,rtrb::RingBuffer@0.3.4,bounded_spsc_polling_split,equivalent_measured_api,4096,1,8,1344000000,5354408014,251008140.67323336,1344000000,903167999328000000,903167999328000000,True,12719,459290,pinned,pinned,yield,monotonic_u64,True
calibration,1,1,rust,raw_bounded,rtrb::RingBuffer@0.3.4,bounded_spsc_polling_split,equivalent_measured_api,4096,1,8,1344000000,5441918563,246971722.27786607,1344000000,903167999328000000,903167999328000000,True,7008,437451,pinned,pinned,yield,monotonic_u64,True
calibration,1,1,cpp,raw_bounded,galay::spsc::Ring::split,bounded_spsc_polling_split,equivalent_measured_api,4096,1,8,1344000000,3193620014,420839046.00680524,1344000000,903167999328000000,903167999328000000,True,24056,78518,pinned,pinned,yield,monotonic_u64,True
calibration,1,2,rust,raw_bounded,rtrb::RingBuffer@0.3.4,bounded_spsc_polling_split,equivalent_measured_api,4096,1,8,1344000000,5295910785,253780710.16730693,1344000000,903167999328000000,903167999328000000,True,8084,450216,pinned,pinned,yield,monotonic_u64,True
calibration,1,2,cpp,raw_bounded,galay::spsc::Ring::split,bounded_spsc_polling_split,equivalent_measured_api,4096,1,8,1344000000,3574850969,375959728.5746319,1344000000,903167999328000000,903167999328000000,True,17455,141942,pinned,pinned,yield,monotonic_u64,True
warmup,,0,cpp,raw_bounded,galay::spsc::Ring::split,bounded_spsc_polling_split,equivalent_measured_api,4096,1,8,1344000000,7823054832,171799895.16402254,1344000000,903167999328000000,903167999328000000,True,6257,1285893,pinned,pinned,yield,monotonic_u64,True
warmup,,0,rust,raw_bounded,rtrb::RingBuffer@0.3.4,bounded_spsc_polling_split,equivalent_measured_api,4096,1,8,1344000000,5560121348,241721343.0932479,1344000000,903167999328000000,903167999328000000,True,9103,457364,pinned,pinned,yield,monotonic_u64,True
sample,,0,cpp,raw_bounded,galay::spsc::Ring::split,bounded_spsc_polling_split,equivalent_measured_api,4096,1,8,1344000000,3413305162,393753249.7716945,1344000000,903167999328000000,903167999328000000,True,31914,89109,pinned,pinned,yield,monotonic_u64,True
sample,,0,rust,raw_bounded,rtrb::RingBuffer@0.3.4,bounded_spsc_polling_split,equivalent_measured_api,4096,1,8,1344000000,5315774222,252832408.57703984,1344000000,903167999328000000,903167999328000000,True,9184,443671,pinned,pinned,yield,monotonic_u64,True
sample,,1,rust,raw_bounded,rtrb::RingBuffer@0.3.4,bounded_spsc_polling_split,equivalent_measured_api,4096,1,8,1344000000,5237731936,256599615.33396047,1344000000,903167999328000000,903167999328000000,True,11708,412616,pinned,pinned,yield,monotonic_u64,True
sample,,1,cpp,raw_bounded,galay::spsc::Ring::split,bounded_spsc_polling_split,equivalent_measured_api,4096,1,8,1344000000,3253938804,413037884.5317707,1344000000,903167999328000000,903167999328000000,True,38861,66888,pinned,pinned,yield,monotonic_u64,True
sample,,2,rust,raw_bounded,rtrb::RingBuffer@0.3.4,bounded_spsc_polling_split,equivalent_measured_api,4096,1,8,1344000000,5299290250,253618869.0551532,1344000000,903167999328000000,903167999328000000,True,8830,423791,pinned,pinned,yield,monotonic_u64,True
sample,,2,cpp,raw_bounded,galay::spsc::Ring::split,bounded_spsc_polling_split,equivalent_measured_api,4096,1,8,1344000000,3209993409,418692448.47412086,1344000000,903167999328000000,903167999328000000,True,49792,58100,pinned,pinned,yield,monotonic_u64,True
sample,,3,cpp,raw_bounded,galay::spsc::Ring::split,bounded_spsc_polling_split,equivalent_measured_api,4096,1,8,1344000000,3649660930,368253387.3085027,1344000000,903167999328000000,903167999328000000,True,31373,160452,pinned,pinned,yield,monotonic_u64,True
sample,,3,rust,raw_bounded,rtrb::RingBuffer@0.3.4,bounded_spsc_polling_split,equivalent_measured_api,4096,1,8,1344000000,5241457372,256417233.72199544,1344000000,903167999328000000,903167999328000000,True,12417,421755,pinned,pinned,yield,monotonic_u64,True
sample,,4,cpp,raw_bounded,galay::spsc::Ring::split,bounded_spsc_polling_split,equivalent_measured_api,4096,1,8,1344000000,4224709616,318128373.82004815,1344000000,903167999328000000,903167999328000000,True,41350,265014,pinned,pinned,yield,monotonic_u64,True
sample,,4,rust,raw_bounded,rtrb::RingBuffer@0.3.4,bounded_spsc_polling_split,equivalent_measured_api,4096,1,8,1344000000,5531350051,242978655.7726574,1344000000,903167999328000000,903167999328000000,True,12953,491911,pinned,pinned,yield,monotonic_u64,True
sample,,5,rust,raw_bounded,rtrb::RingBuffer@0.3.4,bounded_spsc_polling_split,equivalent_measured_api,4096,1,8,1344000000,5486300535,244973820.04976144,1344000000,903167999328000000,903167999328000000,True,16776,482259,pinned,pinned,yield,monotonic_u64,True
sample,,5,cpp,raw_bounded,galay::spsc::Ring::split,bounded_spsc_polling_split,equivalent_measured_api,4096,1,8,1344000000,3238785206,414970402.3317686,1344000000,903167999328000000,903167999328000000,True,30608,71151,pinned,pinned,yield,monotonic_u64,True
sample,,6,rust,raw_bounded,rtrb::RingBuffer@0.3.4,bounded_spsc_polling_split,equivalent_measured_api,4096,1,8,1344000000,5325612323,252365346.6467315,1344000000,903167999328000000,903167999328000000,True,12228,447761,pinned,pinned,yield,monotonic_u64,True
sample,,6,cpp,raw_bounded,galay::spsc::Ring::split,bounded_spsc_polling_split,equivalent_measured_api,4096,1,8,1344000000,3253561525,413085779.8977691,1344000000,903167999328000000,903167999328000000,True,53237,68180,pinned,pinned,yield,monotonic_u64,True
sample,,7,cpp,raw_bounded,galay::spsc::Ring::split,bounded_spsc_polling_split,equivalent_measured_api,4096,1,8,1344000000,3270581779,410936063.00556594,1344000000,903167999328000000,903167999328000000,True,31518,77729,pinned,pinned,yield,monotonic_u64,True
sample,,7,rust,raw_bounded,rtrb::RingBuffer@0.3.4,bounded_spsc_polling_split,equivalent_measured_api,4096,1,8,1344000000,5696519078,235933555.4919035,1344000000,903167999328000000,903167999328000000,True,10898,509768,pinned,pinned,yield,monotonic_u64,True
sample,,8,cpp,raw_bounded,galay::spsc::Ring::split,bounded_spsc_polling_split,equivalent_measured_api,4096,1,8,1344000000,3294974862,407893855.428145,1344000000,903167999328000000,903167999328000000,True,38390,89396,pinned,pinned,yield,monotonic_u64,True
sample,,8,rust,raw_bounded,rtrb::RingBuffer@0.3.4,bounded_spsc_polling_split,equivalent_measured_api,4096,1,8,1344000000,5872604918,228859257.3085469,1344000000,903167999328000000,903167999328000000,True,11035,603608,pinned,pinned,yield,monotonic_u64,True
sample,,9,rust,raw_bounded,rtrb::RingBuffer@0.3.4,bounded_spsc_polling_split,equivalent_measured_api,4096,1,8,1344000000,5215799379,257678622.65010634,1344000000,903167999328000000,903167999328000000,True,10723,412978,pinned,pinned,yield,monotonic_u64,True
sample,,9,cpp,raw_bounded,galay::spsc::Ring::split,bounded_spsc_polling_split,equivalent_measured_api,4096,1,8,1344000000,9240669580,145444005.80114672,1344000000,903167999328000000,903167999328000000,True,7288,1563626,pinned,pinned,yield,monotonic_u64,True
sample,,10,rust,raw_bounded,rtrb::RingBuffer@0.3.4,bounded_spsc_polling_split,equivalent_measured_api,4096,1,8,1344000000,5283133334,254394488.08732262,1344000000,903167999328000000,903167999328000000,True,13264,432485,pinned,pinned,yield,monotonic_u64,True
sample,,10,cpp,raw_bounded,galay::spsc::Ring::split,bounded_spsc_polling_split,equivalent_measured_api,4096,1,8,1344000000,3696487709,363588386.0042885,1344000000,903167999328000000,903167999328000000,True,30735,163913,pinned,pinned,yield,monotonic_u64,True
sample,,11,cpp,raw_bounded,galay::spsc::Ring::split,bounded_spsc_polling_split,equivalent_measured_api,4096,1,8,1344000000,3742770161,359092314.56545216,1344000000,903167999328000000,903167999328000000,True,20776,192858,pinned,pinned,yield,monotonic_u64,True
sample,,11,rust,raw_bounded,rtrb::RingBuffer@0.3.4,bounded_spsc_polling_split,equivalent_measured_api,4096,1,8,1344000000,5323603646,252460567.94814962,1344000000,903167999328000000,903167999328000000,True,21424,469311,pinned,pinned,yield,monotonic_u64,True
sample,,12,cpp,raw_bounded,galay::spsc::Ring::split,bounded_spsc_polling_split,equivalent_measured_api,4096,1,8,1344000000,4341433677,309575154.1985378,1344000000,903167999328000000,903167999328000000,True,987462,8035,pinned,pinned,yield,monotonic_u64,True
sample,,12,rust,raw_bounded,rtrb::RingBuffer@0.3.4,bounded_spsc_polling_split,equivalent_measured_api,4096,1,8,1344000000,5850665364,229717462.26845047,1344000000,903167999328000000,903167999328000000,True,14029,569761,pinned,pinned,yield,monotonic_u64,True
sample,,13,rust,raw_bounded,rtrb::RingBuffer@0.3.4,bounded_spsc_polling_split,equivalent_measured_api,4096,1,8,1344000000,5393066778,249208855.6148785,1344000000,903167999328000000,903167999328000000,True,12749,421308,pinned,pinned,yield,monotonic_u64,True
sample,,13,cpp,raw_bounded,galay::spsc::Ring::split,bounded_spsc_polling_split,equivalent_measured_api,4096,1,8,1344000000,9640492821,139411960.04755574,1344000000,903167999328000000,903167999328000000,True,5228,1641745,pinned,pinned,yield,monotonic_u64,True
sample,,14,rust,raw_bounded,rtrb::RingBuffer@0.3.4,bounded_spsc_polling_split,equivalent_measured_api,4096,1,8,1344000000,5547514392,242270664.8473351,1344000000,903167999328000000,903167999328000000,True,9517,527124,pinned,pinned,yield,monotonic_u64,True
sample,,14,cpp,raw_bounded,galay::spsc::Ring::split,bounded_spsc_polling_split,equivalent_measured_api,4096,1,8,1344000000,3652691760,367947828.1518066,1344000000,903167999328000000,903167999328000000,True,23141,176093,pinned,pinned,yield,monotonic_u64,True
calibration,0,0,cpp,batch_bounded,galay::spsc::Ring,bounded_spsc_batch_polling_split,equivalent_measured_api,4096,64,8,1000000,3291085,303851161.5470278,1000000,499999500000,499999500000,True,773,18,pinned,pinned,yield,monotonic_u64,True
calibration,0,0,rust,batch_bounded,rtrb::RingBuffer@0.3.4,bounded_spsc_batch_polling_split,equivalent_measured_api,4096,64,8,1000000,2181753,458347026.45074856,1000000,499999500000,499999500000,True,297,24,pinned,pinned,yield,monotonic_u64,True
calibration,0,1,rust,batch_bounded,rtrb::RingBuffer@0.3.4,bounded_spsc_batch_polling_split,equivalent_measured_api,4096,64,8,1000000,2307578,433354798.8410359,1000000,499999500000,499999500000,True,248,25,pinned,pinned,yield,monotonic_u64,True
calibration,0,1,cpp,batch_bounded,galay::spsc::Ring,bounded_spsc_batch_polling_split,equivalent_measured_api,4096,64,8,1000000,2592815,385681199.77707624,1000000,499999500000,499999500000,True,602,104,pinned,pinned,yield,monotonic_u64,True
calibration,0,2,rust,batch_bounded,rtrb::RingBuffer@0.3.4,bounded_spsc_batch_polling_split,equivalent_measured_api,4096,64,8,1000000,2277607,439057308.83335006,1000000,499999500000,499999500000,True,253,43,pinned,pinned,yield,monotonic_u64,True
calibration,0,2,cpp,batch_bounded,galay::spsc::Ring,bounded_spsc_batch_polling_split,equivalent_measured_api,4096,64,8,1000000,3343255,299109699.9780154,1000000,499999500000,499999500000,True,673,29,pinned,pinned,yield,monotonic_u64,True
calibration,1,0,cpp,batch_bounded,galay::spsc::Ring,bounded_spsc_batch_polling_split,equivalent_measured_api,4096,64,8,1376000000,3823869898,359844878.8018886,1376000000,946687999312000000,946687999312000000,True,830283,4544,pinned,pinned,yield,monotonic_u64,True
calibration,1,0,rust,batch_bounded,rtrb::RingBuffer@0.3.4,bounded_spsc_batch_polling_split,equivalent_measured_api,4096,64,8,1376000000,2772443588,496313074.1255681,1376000000,946687999312000000,946687999312000000,True,598858,8175,pinned,pinned,yield,monotonic_u64,True
calibration,1,1,rust,batch_bounded,rtrb::RingBuffer@0.3.4,bounded_spsc_batch_polling_split,equivalent_measured_api,4096,64,8,1376000000,3079571440,446815417.92711264,1376000000,946687999312000000,946687999312000000,True,629352,30396,pinned,pinned,yield,monotonic_u64,True
calibration,1,1,cpp,batch_bounded,galay::spsc::Ring,bounded_spsc_batch_polling_split,equivalent_measured_api,4096,64,8,1376000000,3328975382,413340395.197912,1376000000,946687999312000000,946687999312000000,True,889162,3148,pinned,pinned,yield,monotonic_u64,True
calibration,1,2,rust,batch_bounded,rtrb::RingBuffer@0.3.4,bounded_spsc_batch_polling_split,equivalent_measured_api,4096,64,8,1376000000,2846626852,483379126.08153814,1376000000,946687999312000000,946687999312000000,True,730698,5749,pinned,pinned,yield,monotonic_u64,True
calibration,1,2,cpp,batch_bounded,galay::spsc::Ring,bounded_spsc_batch_polling_split,equivalent_measured_api,4096,64,8,1376000000,3987873364,345046061.9992747,1376000000,946687999312000000,946687999312000000,True,723228,7564,pinned,pinned,yield,monotonic_u64,True
calibration,2,0,cpp,batch_bounded,galay::spsc::Ring,bounded_spsc_batch_polling_split,equivalent_measured_api,4096,64,8,1489000000,3958258266,376175554.98840714,1489000000,1108560499255500000,1108560499255500000,True,829839,6658,pinned,pinned,yield,monotonic_u64,True
calibration,2,0,rust,batch_bounded,rtrb::RingBuffer@0.3.4,bounded_spsc_batch_polling_split,equivalent_measured_api,4096,64,8,1489000000,2981182516,499466232.61358213,1489000000,1108560499255500000,1108560499255500000,True,750384,4880,pinned,pinned,yield,monotonic_u64,True
calibration,2,1,rust,batch_bounded,rtrb::RingBuffer@0.3.4,bounded_spsc_batch_polling_split,equivalent_measured_api,4096,64,8,1489000000,3133481457,475190302.04364794,1489000000,1108560499255500000,1108560499255500000,True,754077,7986,pinned,pinned,yield,monotonic_u64,True
calibration,2,1,cpp,batch_bounded,galay::spsc::Ring,bounded_spsc_batch_polling_split,equivalent_measured_api,4096,64,8,1489000000,3386928903,439631312.8040881,1489000000,1108560499255500000,1108560499255500000,True,938759,6406,pinned,pinned,yield,monotonic_u64,True
calibration,2,2,rust,batch_bounded,rtrb::RingBuffer@0.3.4,bounded_spsc_batch_polling_split,equivalent_measured_api,4096,64,8,1489000000,3034093164,490756189.5815273,1489000000,1108560499255500000,1108560499255500000,True,506808,11324,pinned,pinned,yield,monotonic_u64,True
calibration,2,2,cpp,batch_bounded,galay::spsc::Ring,bounded_spsc_batch_polling_split,equivalent_measured_api,4096,64,8,1489000000,3673661363,405317707.0147932,1489000000,1108560499255500000,1108560499255500000,True,779415,7389,pinned,pinned,yield,monotonic_u64,True
calibration,3,0,cpp,batch_bounded,galay::spsc::Ring,bounded_spsc_batch_polling_split,equivalent_measured_api,4096,64,8,1499000000,3733355069,401515519.4979929,1499000000,1123500499250500000,1123500499250500000,True,907202,3716,pinned,pinned,yield,monotonic_u64,True
calibration,3,0,rust,batch_bounded,rtrb::RingBuffer@0.3.4,bounded_spsc_batch_polling_split,equivalent_measured_api,4096,64,8,1499000000,2978253418,503315127.900241,1499000000,1123500499250500000,1123500499250500000,True,790326,4700,pinned,pinned,yield,monotonic_u64,True
calibration,3,1,rust,batch_bounded,rtrb::RingBuffer@0.3.4,bounded_spsc_batch_polling_split,equivalent_measured_api,4096,64,8,1499000000,3063761889,489267787.2200009,1499000000,1123500499250500000,1123500499250500000,True,771129,7100,pinned,pinned,yield,monotonic_u64,True
calibration,3,1,cpp,batch_bounded,galay::spsc::Ring,bounded_spsc_batch_polling_split,equivalent_measured_api,4096,64,8,1499000000,4817764674,311140145.1568699,1499000000,1123500499250500000,1123500499250500000,True,899166,5270,pinned,pinned,yield,monotonic_u64,True
calibration,3,2,rust,batch_bounded,rtrb::RingBuffer@0.3.4,bounded_spsc_batch_polling_split,equivalent_measured_api,4096,64,8,1499000000,3121551633,480209900.7919886,1499000000,1123500499250500000,1123500499250500000,True,765918,5208,pinned,pinned,yield,monotonic_u64,True
calibration,3,2,cpp,batch_bounded,galay::spsc::Ring,bounded_spsc_batch_polling_split,equivalent_measured_api,4096,64,8,1499000000,3483453173,430320123.61143345,1499000000,1123500499250500000,1123500499250500000,True,970364,3708,pinned,pinned,yield,monotonic_u64,True
calibration,4,0,cpp,batch_bounded,galay::spsc::Ring,bounded_spsc_batch_polling_split,equivalent_measured_api,4096,64,8,1510000000,4646922383,324946249.48419327,1510000000,1140049999245000000,1140049999245000000,True,793735,4050,pinned,pinned,yield,monotonic_u64,True
calibration,4,0,rust,batch_bounded,rtrb::RingBuffer@0.3.4,bounded_spsc_batch_polling_split,equivalent_measured_api,4096,64,8,1510000000,3086506886,489226188.6241585,1510000000,1140049999245000000,1140049999245000000,True,713383,7872,pinned,pinned,yield,monotonic_u64,True
calibration,4,1,rust,batch_bounded,rtrb::RingBuffer@0.3.4,bounded_spsc_batch_polling_split,equivalent_measured_api,4096,64,8,1510000000,3025171028,499145332.9494203,1510000000,1140049999245000000,1140049999245000000,True,791893,6333,pinned,pinned,yield,monotonic_u64,True
calibration,4,1,cpp,batch_bounded,galay::spsc::Ring,bounded_spsc_batch_polling_split,equivalent_measured_api,4096,64,8,1510000000,3508870530,430337907.052957,1510000000,1140049999245000000,1140049999245000000,True,891343,3827,pinned,pinned,yield,monotonic_u64,True
calibration,4,2,rust,batch_bounded,rtrb::RingBuffer@0.3.4,bounded_spsc_batch_polling_split,equivalent_measured_api,4096,64,8,1510000000,3045727324,495776489.2810214,1510000000,1140049999245000000,1140049999245000000,True,794775,6115,pinned,pinned,yield,monotonic_u64,True
calibration,4,2,cpp,batch_bounded,galay::spsc::Ring,bounded_spsc_batch_polling_split,equivalent_measured_api,4096,64,8,1510000000,3864175185,390769032.9003549,1510000000,1140049999245000000,1140049999245000000,True,908711,4793,pinned,pinned,yield,monotonic_u64,True
warmup,,0,cpp,batch_bounded,galay::spsc::Ring,bounded_spsc_batch_polling_split,equivalent_measured_api,4096,64,8,1510000000,3415364062,442119777.7421598,1510000000,1140049999245000000,1140049999245000000,True,927871,3497,pinned,pinned,yield,monotonic_u64,True
warmup,,0,rust,batch_bounded,rtrb::RingBuffer@0.3.4,bounded_spsc_batch_polling_split,equivalent_measured_api,4096,64,8,1510000000,3091275123,488471565.91309327,1510000000,1140049999245000000,1140049999245000000,True,819792,5952,pinned,pinned,yield,monotonic_u64,True
sample,,0,cpp,batch_bounded,galay::spsc::Ring,bounded_spsc_batch_polling_split,equivalent_measured_api,4096,64,8,1510000000,4928931090,306354455.4444156,1510000000,1140049999245000000,1140049999245000000,True,846115,5419,pinned,pinned,yield,monotonic_u64,True
sample,,0,rust,batch_bounded,rtrb::RingBuffer@0.3.4,bounded_spsc_batch_polling_split,equivalent_measured_api,4096,64,8,1510000000,3075620723,490957805.2677206,1510000000,1140049999245000000,1140049999245000000,True,509125,10485,pinned,pinned,yield,monotonic_u64,True
sample,,1,rust,batch_bounded,rtrb::RingBuffer@0.3.4,bounded_spsc_batch_polling_split,equivalent_measured_api,4096,64,8,1510000000,3039674634,496763694.08423996,1510000000,1140049999245000000,1140049999245000000,True,821901,6605,pinned,pinned,yield,monotonic_u64,True
sample,,1,cpp,batch_bounded,galay::spsc::Ring,bounded_spsc_batch_polling_split,equivalent_measured_api,4096,64,8,1510000000,4156303393,363303603.52016777,1510000000,1140049999245000000,1140049999245000000,True,804409,5227,pinned,pinned,yield,monotonic_u64,True
sample,,2,rust,batch_bounded,rtrb::RingBuffer@0.3.4,bounded_spsc_batch_polling_split,equivalent_measured_api,4096,64,8,1510000000,2995207103,504138761.7195431,1510000000,1140049999245000000,1140049999245000000,True,832355,5599,pinned,pinned,yield,monotonic_u64,True
sample,,2,cpp,batch_bounded,galay::spsc::Ring,bounded_spsc_batch_polling_split,equivalent_measured_api,4096,64,8,1510000000,4082569892,369865070.2732415,1510000000,1140049999245000000,1140049999245000000,True,931290,3028,pinned,pinned,yield,monotonic_u64,True
sample,,3,cpp,batch_bounded,galay::spsc::Ring,bounded_spsc_batch_polling_split,equivalent_measured_api,4096,64,8,1510000000,5065637802,298086846.91270787,1510000000,1140049999245000000,1140049999245000000,True,883240,3440,pinned,pinned,yield,monotonic_u64,True
sample,,3,rust,batch_bounded,rtrb::RingBuffer@0.3.4,bounded_spsc_batch_polling_split,equivalent_measured_api,4096,64,8,1510000000,3135453630,481589006.9469788,1510000000,1140049999245000000,1140049999245000000,True,719665,9052,pinned,pinned,yield,monotonic_u64,True
sample,,4,cpp,batch_bounded,galay::spsc::Ring,bounded_spsc_batch_polling_split,equivalent_measured_api,4096,64,8,1510000000,3738304752,403926405.19533545,1510000000,1140049999245000000,1140049999245000000,True,885371,18070,pinned,pinned,yield,monotonic_u64,True
sample,,4,rust,batch_bounded,rtrb::RingBuffer@0.3.4,bounded_spsc_batch_polling_split,equivalent_measured_api,4096,64,8,1510000000,2995638572,504066149.4059571,1510000000,1140049999245000000,1140049999245000000,True,660711,7225,pinned,pinned,yield,monotonic_u64,True
sample,,5,rust,batch_bounded,rtrb::RingBuffer@0.3.4,bounded_spsc_batch_polling_split,equivalent_measured_api,4096,64,8,1510000000,3130706713,482319213.65545046,1510000000,1140049999245000000,1140049999245000000,True,853912,13267,pinned,pinned,yield,monotonic_u64,True
sample,,5,cpp,batch_bounded,galay::spsc::Ring,bounded_spsc_batch_polling_split,equivalent_measured_api,4096,64,8,1510000000,4484532531,336712910.3338865,1510000000,1140049999245000000,1140049999245000000,True,857394,6292,pinned,pinned,yield,monotonic_u64,True
sample,,6,rust,batch_bounded,rtrb::RingBuffer@0.3.4,bounded_spsc_batch_polling_split,equivalent_measured_api,4096,64,8,1510000000,3101555560,486852474.76269615,1510000000,1140049999245000000,1140049999245000000,True,837011,4290,pinned,pinned,yield,monotonic_u64,True
sample,,6,cpp,batch_bounded,galay::spsc::Ring,bounded_spsc_batch_polling_split,equivalent_measured_api,4096,64,8,1510000000,4876910639,309622240.75313836,1510000000,1140049999245000000,1140049999245000000,True,829661,5841,pinned,pinned,yield,monotonic_u64,True
sample,,7,cpp,batch_bounded,galay::spsc::Ring,bounded_spsc_batch_polling_split,equivalent_measured_api,4096,64,8,1510000000,4451825724,339186682.86126286,1510000000,1140049999245000000,1140049999245000000,True,693508,4338,pinned,pinned,yield,monotonic_u64,True
sample,,7,rust,batch_bounded,rtrb::RingBuffer@0.3.4,bounded_spsc_batch_polling_split,equivalent_measured_api,4096,64,8,1510000000,3077925286,490590205.9638234,1510000000,1140049999245000000,1140049999245000000,True,795671,4730,pinned,pinned,yield,monotonic_u64,True
sample,,8,cpp,batch_bounded,galay::spsc::Ring,bounded_spsc_batch_polling_split,equivalent_measured_api,4096,64,8,1510000000,4925144386,306589996.48665327,1510000000,1140049999245000000,1140049999245000000,True,462520,5729,pinned,pinned,yield,monotonic_u64,True
sample,,8,rust,batch_bounded,rtrb::RingBuffer@0.3.4,bounded_spsc_batch_polling_split,equivalent_measured_api,4096,64,8,1510000000,3052630957,494655273.1955407,1510000000,1140049999245000000,1140049999245000000,True,578677,7741,pinned,pinned,yield,monotonic_u64,True
sample,,9,rust,batch_bounded,rtrb::RingBuffer@0.3.4,bounded_spsc_batch_polling_split,equivalent_measured_api,4096,64,8,1510000000,2967288924,508882026.21147925,1510000000,1140049999245000000,1140049999245000000,True,673959,8437,pinned,pinned,yield,monotonic_u64,True
sample,,9,cpp,batch_bounded,galay::spsc::Ring,bounded_spsc_batch_polling_split,equivalent_measured_api,4096,64,8,1510000000,3478627820,434079205.40346855,1510000000,1140049999245000000,1140049999245000000,True,967813,2028,pinned,pinned,yield,monotonic_u64,True
sample,,10,rust,batch_bounded,rtrb::RingBuffer@0.3.4,bounded_spsc_batch_polling_split,equivalent_measured_api,4096,64,8,1510000000,3122789238,483542078.8650739,1510000000,1140049999245000000,1140049999245000000,True,765314,4978,pinned,pinned,yield,monotonic_u64,True
sample,,10,cpp,batch_bounded,galay::spsc::Ring,bounded_spsc_batch_polling_split,equivalent_measured_api,4096,64,8,1510000000,4901082793,308095182.9984726,1510000000,1140049999245000000,1140049999245000000,True,880500,2597,pinned,pinned,yield,monotonic_u64,True
sample,,11,cpp,batch_bounded,galay::spsc::Ring,bounded_spsc_batch_polling_split,equivalent_measured_api,4096,64,8,1510000000,3595486266,419971010.39684516,1510000000,1140049999245000000,1140049999245000000,True,930431,2176,pinned,pinned,yield,monotonic_u64,True
sample,,11,rust,batch_bounded,rtrb::RingBuffer@0.3.4,bounded_spsc_batch_polling_split,equivalent_measured_api,4096,64,8,1510000000,3035295397,497480410.4709022,1510000000,1140049999245000000,1140049999245000000,True,794914,4295,pinned,pinned,yield,monotonic_u64,True
sample,,12,cpp,batch_bounded,galay::spsc::Ring,bounded_spsc_batch_polling_split,equivalent_measured_api,4096,64,8,1510000000,3755117988,402117857.5015257,1510000000,1140049999245000000,1140049999245000000,True,939878,3170,pinned,pinned,yield,monotonic_u64,True
sample,,12,rust,batch_bounded,rtrb::RingBuffer@0.3.4,bounded_spsc_batch_polling_split,equivalent_measured_api,4096,64,8,1510000000,3020722759,499880366.54508483,1510000000,1140049999245000000,1140049999245000000,True,408141,28644,pinned,pinned,yield,monotonic_u64,True
sample,,13,rust,batch_bounded,rtrb::RingBuffer@0.3.4,bounded_spsc_batch_polling_split,equivalent_measured_api,4096,64,8,1510000000,3121986109,483666469.7664739,1510000000,1140049999245000000,1140049999245000000,True,421835,6689,pinned,pinned,yield,monotonic_u64,True
sample,,13,cpp,batch_bounded,galay::spsc::Ring,bounded_spsc_batch_polling_split,equivalent_measured_api,4096,64,8,1510000000,4312176072,350171230.2066686,1510000000,1140049999245000000,1140049999245000000,True,789939,3509,pinned,pinned,yield,monotonic_u64,True
sample,,14,rust,batch_bounded,rtrb::RingBuffer@0.3.4,bounded_spsc_batch_polling_split,equivalent_measured_api,4096,64,8,1510000000,3052444265,494685527.0427026,1510000000,1140049999245000000,1140049999245000000,True,854081,1421,pinned,pinned,yield,monotonic_u64,True
sample,,14,cpp,batch_bounded,galay::spsc::Ring,bounded_spsc_batch_polling_split,equivalent_measured_api,4096,64,8,1510000000,3758671443,401737694.5282525,1510000000,1140049999245000000,1140049999245000000,True,919417,1438,pinned,pinned,yield,monotonic_u64,True
calibration,0,0,cpp,unbounded,galay::spsc::UnboundedChannel,unbounded_spsc_wait_capable_polling_path,nearest_available_measured_path,0,1,8,1000000,4110084,243304029.79598472,1000000,499999500000,499999500000,True,0,58,pinned,pinned,yield,monotonic_u64,True
calibration,0,0,rust,unbounded,unbounded_spsc::channel@0.3.0,unbounded_spsc_wait_capable_polling_path,nearest_available_measured_path,0,1,8,1000000,21800023,45871511.23647897,1000000,499999500000,499999500000,True,0,12355,pinned,pinned,yield,monotonic_u64,True
calibration,0,1,rust,unbounded,unbounded_spsc::channel@0.3.0,unbounded_spsc_wait_capable_polling_path,nearest_available_measured_path,0,1,8,1000000,21884471,45694501.822776526,1000000,499999500000,499999500000,True,0,12497,pinned,pinned,yield,monotonic_u64,True
calibration,0,1,cpp,unbounded,galay::spsc::UnboundedChannel,unbounded_spsc_wait_capable_polling_path,nearest_available_measured_path,0,1,8,1000000,5005743,199770543.55367425,1000000,499999500000,499999500000,True,0,43,pinned,pinned,yield,monotonic_u64,True
calibration,0,2,rust,unbounded,unbounded_spsc::channel@0.3.0,unbounded_spsc_wait_capable_polling_path,nearest_available_measured_path,0,1,8,1000000,21058642,47486442.857996255,1000000,499999500000,499999500000,True,0,12097,pinned,pinned,yield,monotonic_u64,True
calibration,0,2,cpp,unbounded,galay::spsc::UnboundedChannel,unbounded_spsc_wait_capable_polling_path,nearest_available_measured_path,0,1,8,1000000,4133173,241944868.99048263,1000000,499999500000,499999500000,True,0,51,pinned,pinned,yield,monotonic_u64,True
calibration,1,0,cpp,unbounded,galay::spsc::UnboundedChannel,unbounded_spsc_wait_capable_polling_path,nearest_available_measured_path,0,1,8,730000000,2646246854,275862396.9251207,730000000,266449999635000000,266449999635000000,True,0,10498,pinned,pinned,yield,monotonic_u64,True
calibration,1,0,rust,unbounded,unbounded_spsc::channel@0.3.0,unbounded_spsc_wait_capable_polling_path,nearest_available_measured_path,0,1,8,730000000,23301425607,31328555.2700561,730000000,266449999635000000,266449999635000000,True,0,9581752,pinned,pinned,yield,monotonic_u64,True
calibration,1,1,rust,unbounded,unbounded_spsc::channel@0.3.0,unbounded_spsc_wait_capable_polling_path,nearest_available_measured_path,0,1,8,730000000,23756551696,30728365.351227023,730000000,266449999635000000,266449999635000000,True,0,9571995,pinned,pinned,yield,monotonic_u64,True
calibration,1,1,cpp,unbounded,galay::spsc::UnboundedChannel,unbounded_spsc_wait_capable_polling_path,nearest_available_measured_path,0,1,8,730000000,2516089413,290132773.592335,730000000,266449999635000000,266449999635000000,True,0,7694,pinned,pinned,yield,monotonic_u64,True
calibration,1,2,rust,unbounded,unbounded_spsc::channel@0.3.0,unbounded_spsc_wait_capable_polling_path,nearest_available_measured_path,0,1,8,730000000,20568431896,35491281.18716552,730000000,266449999635000000,266449999635000000,True,0,8289850,pinned,pinned,yield,monotonic_u64,True
calibration,1,2,cpp,unbounded,galay::spsc::UnboundedChannel,unbounded_spsc_wait_capable_polling_path,nearest_available_measured_path,0,1,8,730000000,2549866308,286289519.45821,730000000,266449999635000000,266449999635000000,True,0,18260,pinned,pinned,yield,monotonic_u64,True
calibration,2,0,cpp,unbounded,galay::spsc::UnboundedChannel,unbounded_spsc_wait_capable_polling_path,nearest_available_measured_path,0,1,8,871000000,3067838584,283913242.5488785,871000000,379320499564500000,379320499564500000,True,0,13753,pinned,pinned,yield,monotonic_u64,True
calibration,2,0,rust,unbounded,unbounded_spsc::channel@0.3.0,unbounded_spsc_wait_capable_polling_path,nearest_available_measured_path,0,1,8,871000000,26361958826,33040033.396189023,871000000,379320499564500000,379320499564500000,True,0,10564900,pinned,pinned,yield,monotonic_u64,True
calibration,2,1,rust,unbounded,unbounded_spsc::channel@0.3.0,unbounded_spsc_wait_capable_polling_path,nearest_available_measured_path,0,1,8,871000000,23933766666,36392098.75131487,871000000,379320499564500000,379320499564500000,True,0,10923940,pinned,pinned,yield,monotonic_u64,True
calibration,2,1,cpp,unbounded,galay::spsc::UnboundedChannel,unbounded_spsc_wait_capable_polling_path,nearest_available_measured_path,0,1,8,871000000,3009100161,289455303.3789825,871000000,379320499564500000,379320499564500000,True,0,9326,pinned,pinned,yield,monotonic_u64,True
calibration,2,2,rust,unbounded,unbounded_spsc::channel@0.3.0,unbounded_spsc_wait_capable_polling_path,nearest_available_measured_path,0,1,8,871000000,28103765779,30992287.89655079,871000000,379320499564500000,379320499564500000,True,0,11155764,pinned,pinned,yield,monotonic_u64,True
calibration,2,2,cpp,unbounded,galay::spsc::UnboundedChannel,unbounded_spsc_wait_capable_polling_path,nearest_available_measured_path,0,1,8,871000000,3398203787,256311879.62654108,871000000,379320499564500000,379320499564500000,True,0,44914,pinned,pinned,yield,monotonic_u64,True
warmup,,0,cpp,unbounded,galay::spsc::UnboundedChannel,unbounded_spsc_wait_capable_polling_path,nearest_available_measured_path,0,1,8,871000000,3135768692,277762834.4278399,871000000,379320499564500000,379320499564500000,True,0,8978,pinned,pinned,yield,monotonic_u64,True
warmup,,0,rust,unbounded,unbounded_spsc::channel@0.3.0,unbounded_spsc_wait_capable_polling_path,nearest_available_measured_path,0,1,8,871000000,27347643996,31849178.67613739,871000000,379320499564500000,379320499564500000,True,0,11679992,pinned,pinned,yield,monotonic_u64,True
sample,,0,cpp,unbounded,galay::spsc::UnboundedChannel,unbounded_spsc_wait_capable_polling_path,nearest_available_measured_path,0,1,8,871000000,3189495363,273083952.434641,871000000,379320499564500000,379320499564500000,True,0,21508,pinned,pinned,yield,monotonic_u64,True
sample,,0,rust,unbounded,unbounded_spsc::channel@0.3.0,unbounded_spsc_wait_capable_polling_path,nearest_available_measured_path,0,1,8,871000000,21953131774,39675432.59734637,871000000,379320499564500000,379320499564500000,True,0,11380522,pinned,pinned,yield,monotonic_u64,True
sample,,1,rust,unbounded,unbounded_spsc::channel@0.3.0,unbounded_spsc_wait_capable_polling_path,nearest_available_measured_path,0,1,8,871000000,33330871095,26131930.29121461,871000000,379320499564500000,379320499564500000,True,0,10922921,pinned,pinned,yield,monotonic_u64,True
sample,,1,cpp,unbounded,galay::spsc::UnboundedChannel,unbounded_spsc_wait_capable_polling_path,nearest_available_measured_path,0,1,8,871000000,3042142363,286311387.1965761,871000000,379320499564500000,379320499564500000,True,0,10375,pinned,pinned,yield,monotonic_u64,True
sample,,2,rust,unbounded,unbounded_spsc::channel@0.3.0,unbounded_spsc_wait_capable_polling_path,nearest_available_measured_path,0,1,8,871000000,23310796102,37364661.25776248,871000000,379320499564500000,379320499564500000,True,0,11235453,pinned,pinned,yield,monotonic_u64,True
sample,,2,cpp,unbounded,galay::spsc::UnboundedChannel,unbounded_spsc_wait_capable_polling_path,nearest_available_measured_path,0,1,8,871000000,3047603818,285798303.1966395,871000000,379320499564500000,379320499564500000,True,0,16306,pinned,pinned,yield,monotonic_u64,True
sample,,3,cpp,unbounded,galay::spsc::UnboundedChannel,unbounded_spsc_wait_capable_polling_path,nearest_available_measured_path,0,1,8,871000000,3089329658,281938186.08658177,871000000,379320499564500000,379320499564500000,True,0,12041,pinned,pinned,yield,monotonic_u64,True
sample,,3,rust,unbounded,unbounded_spsc::channel@0.3.0,unbounded_spsc_wait_capable_polling_path,nearest_available_measured_path,0,1,8,871000000,30347216687,28701149.39974429,871000000,379320499564500000,379320499564500000,True,0,11128399,pinned,pinned,yield,monotonic_u64,True
sample,,4,cpp,unbounded,galay::spsc::UnboundedChannel,unbounded_spsc_wait_capable_polling_path,nearest_available_measured_path,0,1,8,871000000,3101859756,280799284.4664251,871000000,379320499564500000,379320499564500000,True,0,19967,pinned,pinned,yield,monotonic_u64,True
sample,,4,rust,unbounded,unbounded_spsc::channel@0.3.0,unbounded_spsc_wait_capable_polling_path,nearest_available_measured_path,0,1,8,871000000,23783018357,36622769.52932009,871000000,379320499564500000,379320499564500000,True,0,11294748,pinned,pinned,yield,monotonic_u64,True
sample,,5,rust,unbounded,unbounded_spsc::channel@0.3.0,unbounded_spsc_wait_capable_polling_path,nearest_available_measured_path,0,1,8,871000000,21482798233,40544066.49232714,871000000,379320499564500000,379320499564500000,True,0,10812002,pinned,pinned,yield,monotonic_u64,True
sample,,5,cpp,unbounded,galay::spsc::UnboundedChannel,unbounded_spsc_wait_capable_polling_path,nearest_available_measured_path,0,1,8,871000000,3113486598,279750682.26068527,871000000,379320499564500000,379320499564500000,True,0,11789,pinned,pinned,yield,monotonic_u64,True
sample,,6,rust,unbounded,unbounded_spsc::channel@0.3.0,unbounded_spsc_wait_capable_polling_path,nearest_available_measured_path,0,1,8,871000000,18218206608,47809316.18250094,871000000,379320499564500000,379320499564500000,True,0,10750314,pinned,pinned,yield,monotonic_u64,True
sample,,6,cpp,unbounded,galay::spsc::UnboundedChannel,unbounded_spsc_wait_capable_polling_path,nearest_available_measured_path,0,1,8,871000000,2996238196,290697849.444277,871000000,379320499564500000,379320499564500000,True,0,11317,pinned,pinned,yield,monotonic_u64,True
sample,,7,cpp,unbounded,galay::spsc::UnboundedChannel,unbounded_spsc_wait_capable_polling_path,nearest_available_measured_path,0,1,8,871000000,3492535520,249389016.95121485,871000000,379320499564500000,379320499564500000,True,0,101265,pinned,pinned,yield,monotonic_u64,True
sample,,7,rust,unbounded,unbounded_spsc::channel@0.3.0,unbounded_spsc_wait_capable_polling_path,nearest_available_measured_path,0,1,8,871000000,26867760236,32418035.308836453,871000000,379320499564500000,379320499564500000,True,0,11776391,pinned,pinned,yield,monotonic_u64,True
sample,,8,cpp,unbounded,galay::spsc::UnboundedChannel,unbounded_spsc_wait_capable_polling_path,nearest_available_measured_path,0,1,8,871000000,3653318634,238413368.02488166,871000000,379320499564500000,379320499564500000,True,0,5435,pinned,pinned,yield,monotonic_u64,True
sample,,8,rust,unbounded,unbounded_spsc::channel@0.3.0,unbounded_spsc_wait_capable_polling_path,nearest_available_measured_path,0,1,8,871000000,24263288330,35897854.74061504,871000000,379320499564500000,379320499564500000,True,0,10967507,pinned,pinned,yield,monotonic_u64,True
sample,,9,rust,unbounded,unbounded_spsc::channel@0.3.0,unbounded_spsc_wait_capable_polling_path,nearest_available_measured_path,0,1,8,871000000,26345322341,33060897.44229484,871000000,379320499564500000,379320499564500000,True,0,11439787,pinned,pinned,yield,monotonic_u64,True
sample,,9,cpp,unbounded,galay::spsc::UnboundedChannel,unbounded_spsc_wait_capable_polling_path,nearest_available_measured_path,0,1,8,871000000,3296309000,264234936.71254727,871000000,379320499564500000,379320499564500000,True,0,3642,pinned,pinned,yield,monotonic_u64,True
sample,,10,rust,unbounded,unbounded_spsc::channel@0.3.0,unbounded_spsc_wait_capable_polling_path,nearest_available_measured_path,0,1,8,871000000,24872542500,35018534.99697508,871000000,379320499564500000,379320499564500000,True,0,10902528,pinned,pinned,yield,monotonic_u64,True
sample,,10,cpp,unbounded,galay::spsc::UnboundedChannel,unbounded_spsc_wait_capable_polling_path,nearest_available_measured_path,0,1,8,871000000,3056085153,285005147.5643552,871000000,379320499564500000,379320499564500000,True,0,8412,pinned,pinned,yield,monotonic_u64,True
sample,,11,cpp,unbounded,galay::spsc::UnboundedChannel,unbounded_spsc_wait_capable_polling_path,nearest_available_measured_path,0,1,8,871000000,3121993657,278988395.1388182,871000000,379320499564500000,379320499564500000,True,0,8687,pinned,pinned,yield,monotonic_u64,True
sample,,11,rust,unbounded,unbounded_spsc::channel@0.3.0,unbounded_spsc_wait_capable_polling_path,nearest_available_measured_path,0,1,8,871000000,25730878443,33850379.49362948,871000000,379320499564500000,379320499564500000,True,0,9801990,pinned,pinned,yield,monotonic_u64,True
sample,,12,cpp,unbounded,galay::spsc::UnboundedChannel,unbounded_spsc_wait_capable_polling_path,nearest_available_measured_path,0,1,8,871000000,2999172638,290413425.67756516,871000000,379320499564500000,379320499564500000,True,0,8624,pinned,pinned,yield,monotonic_u64,True
sample,,12,rust,unbounded,unbounded_spsc::channel@0.3.0,unbounded_spsc_wait_capable_polling_path,nearest_available_measured_path,0,1,8,871000000,27068142338,32178048.61241749,871000000,379320499564500000,379320499564500000,True,0,11634688,pinned,pinned,yield,monotonic_u64,True
sample,,13,rust,unbounded,unbounded_spsc::channel@0.3.0,unbounded_spsc_wait_capable_polling_path,nearest_available_measured_path,0,1,8,871000000,29283081357,29744137.557839043,871000000,379320499564500000,379320499564500000,True,0,10742553,pinned,pinned,yield,monotonic_u64,True
sample,,13,cpp,unbounded,galay::spsc::UnboundedChannel,unbounded_spsc_wait_capable_polling_path,nearest_available_measured_path,0,1,8,871000000,3038082258,286694014.85310274,871000000,379320499564500000,379320499564500000,True,0,12877,pinned,pinned,yield,monotonic_u64,True
sample,,14,rust,unbounded,unbounded_spsc::channel@0.3.0,unbounded_spsc_wait_capable_polling_path,nearest_available_measured_path,0,1,8,871000000,23523067855,37027483.20792955,871000000,379320499564500000,379320499564500000,True,0,10822501,pinned,pinned,yield,monotonic_u64,True
sample,,14,cpp,unbounded,galay::spsc::UnboundedChannel,unbounded_spsc_wait_capable_polling_path,nearest_available_measured_path,0,1,8,871000000,3327727368,261740191.9326944,871000000,379320499564500000,379320499564500000,True,0,21376,pinned,pinned,yield,monotonic_u64,True
